{"loss_val":1.3342466950416565,"training_duration":54.633086919784546,"epoch":0,"loss_train":1.1468440294265747,"_step":45,"_runtime":55.200409084,"iteration":43,"_timestamp":1.726880394413398e+09,"_wandb":{"runtime":55},"gradient_norms":0.282665000749533}