{"iteration":49,"loss_train":1.308310866355896,"_wandb":{"runtime":25},"gradient_norms":0.4276482495791831,"_timestamp":1.726814246711982e+09,"_runtime":24.75212725,"_step":49,"epoch":0}