{"_runtime":25.305154708,"_step":63,"_wandb":{"runtime":25},"epoch":0,"iteration":63,"loss_train":1.2520537376403809,"gradient_norms":0.942337210754812,"_timestamp":1.7268132461867158e+09}