{"gradient_norms":0.06408540156476032,"_timestamp":1.726881209594111e+09,"iteration":6,"_runtime":119.210640541,"_step":96,"loss_train":1.4389352798461914,"_wandb":{"runtime":120},"epoch":2,"loss_val":1.4453188578287761}