{"gradient_norms":0.26685797945481743,"epoch":17,"_step":810,"loss_train":1.1625465154647827,"_timestamp":1.726882457942482e+09,"loss_val":1.3275874455769856,"training_duration":1021.1674859523773,"iteration":43,"_runtime":1023.125701,"_wandb":{"runtime":1023}}