{"gradient_norms":0.15082887597505204,"_timestamp":1.726816375008076e+09,"_wandb":{"runtime":96},"loss_val":1.2357420325279236,"_step":69,"_runtime":96.335115541,"iteration":9,"epoch":1,"loss_train":1.27007257938385}