{"_runtime":10.330433375,"_step":27,"_wandb":{"runtime":10},"epoch":0,"iteration":27,"loss_train":1.007936954498291,"gradient_norms":2.78510175736548,"_timestamp":1.726813475340543e+09}