{"weights/bus_emb.weight":{"values":[5,10,42,150,434,1158,2825,6556,13413,25672,43469,67982,97923,128534,155147,171689,174266,161725,138006,108025,76678,50420,29954,16691,8236,3728,1548,625,218,71,21,9],"bins":[-4.767182350158691,-4.471996307373047,-4.176809787750244,-3.8816235065460205,-3.586437225341797,-3.2912509441375732,-2.9960646629333496,-2.700878381729126,-2.4056921005249023,-2.110506057739258,-1.8153196573257446,-1.520133376121521,-1.224947214126587,-0.9297608733177185,-0.6345746517181396,-0.339388370513916,-0.04420208930969238,0.25098419189453125,0.5461704730987549,0.8413566946983337,1.1365430355072021,1.4317291975021362,1.7269154787063599,2.022101879119873,2.3172879219055176,2.612474203109741,2.907660484313965,3.2028467655181885,3.498033046722412,3.7932193279266357,4.088405609130859,4.383592128753662,4.678778171539307],"_type":"histogram"},"gradients/fc_layers.1.weight":{"bins":[-0.007818052545189857,-0.007397153414785862,-0.0069762542843818665,-0.006555355619639158,-0.006134456489235163,-0.005713557358831167,-0.005292658228427172,-0.004871759098023176,-0.004450860433280468,-0.0040299613028764725,-0.003609062172472477,-0.0031881630420684814,-0.002767263911664486,-0.002346365014091134,-0.0019254658836871386,-0.0015045668696984649,-0.0010836678557097912,-0.0006627688417211175,-0.0002418697695247829,0.00017902927356772125,0.0005999283166602254,0.001020827330648899,0.0014417264610528946,0.0018626254750415683,0.002283524489030242,0.0027044236194342375,0.0031253225170075893,0.003546221647411585,0.00396712077781558,0.004388019908219576,0.004808918572962284,0.00522981770336628,0.005650716833770275],"_type":"histogram","values":[1,0,0,0,1,0,0,1,1,1,1,2,4,8,5,10,13,9,21,14,10,8,5,2,5,3,0,1,1,0,0,1]},"training_duration":1129.2151010036469,"iteration":43,"gradients/fc_layers.4.weight":{"_type":"histogram","values":[1,1,0,0,1,2,1,2,2,1,4,7,6,5,9,6,5,10,8,8,12,9,3,2,5,3,4,2,3,1,3,2],"bins":[-0.038979049772024155,-0.03713156282901764,-0.035284072160720825,-0.03343658521771431,-0.031589098274707794,-0.02974160946905613,-0.027894122526049614,-0.02604663372039795,-0.024199146777391434,-0.02235165797173977,-0.020504169166088104,-0.01865668222308159,-0.016809193417429924,-0.014961705543100834,-0.013114217668771744,-0.011266729794442654,-0.009419241920113564,-0.007571754045784473,-0.005724266171455383,-0.003876777831465006,-0.0020292899571359158,-0.0001818019663915038,0.0016656860243529081,0.003513174131512642,0.005360662005841732,0.007208149880170822,0.009055637754499912,0.010903125628829002,0.012750614434480667,0.014598102308809757,0.016445590183138847,0.018293077126145363,0.020140565931797028]},"epoch":16,"loss/val":1.3268404603004456,"_step":12733,"weights/fc_layers.1.weight":{"bins":[0.9271891713142395,0.9430325627326965,0.9588759541511536,0.9747193455696106,0.9905627369880676,1.0064060688018799,1.022249460220337,1.038092851638794,1.053936243057251,1.069779634475708,1.085623025894165,1.101466417312622,1.117309808731079,1.1331532001495361,1.1489965915679932,1.1648399829864502,1.1806833744049072,1.1965267658233643,1.2123701572418213,1.2282135486602783,1.2440569400787354,1.2599003314971924,1.2757436037063599,1.291586995124817,1.307430386543274,1.323273777961731,1.339117169380188,1.354960560798645,1.370803952217102,1.386647343635559,1.4024907350540161,1.4183341264724731,1.4341775178909302],"_type":"histogram","values":[1,6,0,1,0,6,4,6,7,9,4,11,7,9,8,9,10,14,6,4,2,2,0,1,0,0,0,0,0,0,0,1]},"gradients/fc_layers.0.bias":{"values":[1,0,2,0,0,1,1,3,4,1,6,5,6,12,8,10,18,14,8,5,10,3,4,1,0,1,1,1,0,0,1,1],"bins":[-7.916241884231567e-09,-7.4323907028883696e-09,-6.948539521545172e-09,-6.464688340201974e-09,-5.980837158858776e-09,-5.496985977515578e-09,-5.0131347961723804e-09,-4.529283614829183e-09,-4.045432433485985e-09,-3.561581252142787e-09,-3.077730070799589e-09,-2.5938788894563913e-09,-2.1100277081131935e-09,-1.6261765267699957e-09,-1.1423253454267979e-09,-6.584741640836e-10,-1.7462298274040222e-10,3.092281986027956e-10,7.930793799459934e-10,1.2769305612891912e-09,1.760781742632389e-09,2.244632923975587e-09,2.7284841053187847e-09,3.2123352866619825e-09,3.6961864680051804e-09,4.180037649348378e-09,4.663888830691576e-09,5.147740012034774e-09,5.631591193377972e-09,6.1154423747211695e-09,6.599293556064367e-09,7.083144737407565e-09,7.566995918750763e-09],"_type":"histogram"},"weights/fc_layers.4.bias":0.01602569967508316,"_runtime":1129.625105833,"gradients/user_emb.weight":{"values":[1,0,1,1,2,3,5,12,29,94,157,380,791,1670,3608,7877,19246,52141,2638303,95122,29828,12037,5341,2398,1161,516,232,107,59,19,14,5],"bins":[-7.59890754125081e-05,-7.19334275345318e-05,-6.78777796565555e-05,-6.38221317785792e-05,-5.976648390060291e-05,-5.571083602262661e-05,-5.165518814465031e-05,-4.759954026667401e-05,-4.3543892388697714e-05,-3.948824087274261e-05,-3.543259299476631e-05,-3.137694511679001e-05,-2.7321297238813713e-05,-2.3265649360837415e-05,-1.9210001482861117e-05,-1.5154353604884818e-05,-1.109870572690852e-05,-7.0430578489322215e-06,-2.9874095162085723e-06,1.0682385891414015e-06,5.123886694491375e-06,9.179534572467674e-06,1.3235183359938674e-05,1.7290831237914972e-05,2.134647911589127e-05,2.540212699386757e-05,2.9457774871843867e-05,3.351342456880957e-05,3.756907244678587e-05,4.1624720324762166e-05,4.5680368202738464e-05,4.973601608071476e-05,5.379166395869106e-05],"_type":"histogram"},"weights/fc_layers.4.weight":{"_type":"histogram","values":[1,4,1,6,5,5,3,5,5,2,9,7,2,3,3,3,3,2,1,3,5,4,4,6,7,5,3,5,7,5,2,2],"bins":[-0.29703617095947266,-0.27901291847229004,-0.2609896957874298,-0.2429664433002472,-0.22494320571422577,-0.20691996812820435,-0.18889673054218292,-0.1708734929561615,-0.15285024046897888,-0.13482700288295746,-0.11680376529693604,-0.09878052771091461,-0.08075729012489319,-0.06273404508829117,-0.044710807502269745,-0.026687566190958023,-0.008664324879646301,0.009358915500342846,0.027382155880331993,0.045405395328998566,0.06342864036560059,0.08145187795162201,0.09947511553764343,0.11749836057424545,0.13552159070968628,0.1535448431968689,0.17156808078289032,0.18959131836891174,0.20761455595493317,0.2256377935409546,0.2436610460281372,0.26168426871299744,0.27970752120018005]},"gradients/bus_emb.weight":{"bins":[-0.0001758777943905443,-0.00016550729924347252,-0.00015513680409640074,-0.00014476630894932896,-0.00013439579925034195,-0.00012402530410327017,-0.0001136548089561984,-0.00010328431380912662,-9.291381866205484e-05,-8.254331623902544e-05,-7.217282109195367e-05,-6.180232594488189e-05,-5.143182352185249e-05,-4.1061328374780715e-05,-3.069082958973013e-05,-2.0320332623668946e-05,-9.949835657607764e-06,4.206617632007692e-07,1.0791159184009302e-05,2.1161657059565187e-05,3.1532152206636965e-05,4.190265099168755e-05,5.227314977673814e-05,6.264364492380992e-05,7.301414734683931e-05,8.338464249391109e-05,9.375513764098287e-05,0.00010412563278805465,0.00011449613521108404,0.00012486663763411343,0.0001352371327811852,0.000145607627928257,0.00015597812307532877],"_type":"histogram","values":[1,0,1,2,1,4,4,14,28,75,149,354,980,2638,8148,26665,1300848,109929,23908,7482,2563,874,304,141,59,27,13,6,6,4,1,1]},"gradients/fc_layers.0.weight":{"bins":[-0.015235662460327148,-0.014259418472647667,-0.013283174484968185,-0.01230692956596613,-0.011330685578286648,-0.010354441590607166,-0.00937819667160511,-0.008401952683925629,-0.007425708696246147,-0.006449464708566666,-0.005473220255225897,-0.004496975801885128,-0.0035207318142056465,-0.0025444875936955214,-0.0015682433731853962,-0.000591999152675271,0.0003842450678348541,0.0013604892883449793,0.0023367335088551044,0.0033129777293652296,0.004289221949875355,0.005265465937554836,0.006241710390895605,0.007217954844236374,0.008194198831915855,0.009170442819595337,0.010146686807274818,0.011122931726276875,0.012099175713956356,0.013075419701635838,0.014051664620637894,0.015027908608317375,0.016004152595996857],"_type":"histogram","values":[2,1,2,1,4,7,18,24,31,46,83,108,138,183,333,531,333,229,178,83,61,59,28,28,16,15,9,5,1,0,2,1]},