{"loss_train":1.126865029335022,"gradient_norms":0.2569171618501923,"_step":45,"epoch":0,"loss_val":1.3406457901000977,"_wandb":{"runtime":56},"_timestamp":1.7268810563004239e+09,"iteration":43,"training_duration":55.518287897109985,"_runtime":56.305746708}