{"training_duration":56.836703300476074,"iteration":43,"_runtime":57.231871375,"loss_train":1.1365201473236084,"epoch":0,"_wandb":{"runtime":57},"gradient_norms":0.22115837417065512,"loss_val":1.3322280844052632,"_timestamp":1.7268828866486132e+09,"_step":45}