{"_step":313,"epoch":0,"_wandb":{"runtime":136},"iteration":313,"loss_train":1.4315329790115356,"gradient_norms":2.3145742998550434,"_timestamp":1.72681343972171e+09,"_runtime":113.272669}