{"_timestamp":1.7268141590416179e+09,"_runtime":122.695970625,"_step":297,"_wandb":{"runtime":123},"epoch":0,"iteration":297,"loss_train":1.266160249710083,"gradient_norms":0.26746430326814585}