{"weights/fc_layers.0.weight":{"values":[44,73,80,80,78,84,84,75,88,87,81,78,74,76,92,89,93,85,84,83,85,92,79,90,83,90,93,93,72,79,54,42],"bins":[-0.23523928225040436,-0.2204367220401764,-0.20563416182994843,-0.19083160161972046,-0.1760290414094925,-0.16122648119926453,-0.14642393589019775,-0.1316213756799698,-0.11681881546974182,-0.10201625525951385,-0.08721369504928589,-0.07241113483905792,-0.057608574628829956,-0.04280601814389229,-0.028003457933664322,-0.013200899586081505,0.0016016587615013123,0.01640421710908413,0.031206775456666946,0.04600933566689491,0.06081189215183258,0.07561445236206055,0.09041701257228851,0.10521957278251648,0.12002213299274445,0.1348246932029724,0.14962725341320038,0.16442979872226715,0.17923235893249512,0.19403491914272308,0.20883747935295105,0.22364003956317902,0.23844259977340698],"_type":"histogram"},"gradients/fc_layers.0.bias":{"bins":[-1.1932570487260818e-09,-1.0704752639867365e-09,-9.476934792473912e-10,-8.249116945080459e-10,-7.021299097687006e-10,-5.793481250293553e-10,-4.5656634029001e-10,-3.3378455555066466e-10,-2.1100277081131935e-10,-8.822098607197404e-11,3.456079866737127e-11,1.5734258340671659e-10,2.801243681460619e-10,4.029061528854072e-10,5.256879376247525e-10,6.484697223640978e-10,7.712515071034431e-10,8.940332918427885e-10,1.0168150765821338e-09,1.139596861321479e-09,1.2623786460608244e-09,1.3851604308001697e-09,1.507942215539515e-09,1.6307240002788603e-09,1.7535057850182056e-09,1.876287569757551e-09,1.9990693544968963e-09,2.1218511392362416e-09,2.244632923975587e-09,2.367414708714932e-09,2.4901964934542775e-09,2.612978278193623e-09,2.735760062932968e-09],"_type":"histogram","values":[1,3,1,5,1,3,8,3,9,20,14,15,3,9,3,4,4,6,7,0,1,1,3,0,1,1,0,1,0,0,0,1]},"gradient_norms":0.23202750641192668,"weights/fc_layers.4.bias":0.07160189002752304,"loss_train":1.4827970266342163,"gradients/bus_emb.weight":{"_type":"histogram","values":[1,1,0,0,1,0,0,1,2,9,11,17,32,107,320,1348,6734,41551,1378099,47176,7689,1630,349,85,31,11,10,5,3,1,1,5],"bins":[-7.588602602481842e-05,-7.179140084190294e-05,-6.769677565898746e-05,-6.360215047607198e-05,-5.950752893113531e-05,-5.541290374821983e-05,-5.131828220328316e-05,-4.722365702036768e-05,-4.31290318374522e-05,-3.9034406654536724e-05,-3.4939781471621245e-05,-3.084515992668457e-05,-2.6750534743769094e-05,-2.2655909560853615e-05,-1.856128619692754e-05,-1.4466661923506763e-05,-1.0372037650085986e-05,-6.2774133766652085e-06,-2.1827891032444313e-06,1.911835170176346e-06,6.006459443597123e-06,1.01010837170179e-05,1.4195707990438677e-05,1.8290331354364753e-05,2.2384956537280232e-05,2.647958172019571e-05,3.057420690311119e-05,3.466882844804786e-05,3.876345363096334e-05,4.285807881387882e-05,4.695270035881549e-05,5.104732554173097e-05,5.514195072464645e-05]},"gradients/fc_layers.4.weight":{"bins":[-0.05582587420940399,-0.052874479442834854,-0.04992308467626572,-0.04697168990969658,-0.04402029514312744,-0.0410689041018486,-0.038117509335279465,-0.03516611456871033,-0.03221471980214119,-0.029263325035572052,-0.026311930269002914,-0.023360537365078926,-0.02040914259850979,-0.01745774783194065,-0.014506353996694088,-0.011554960161447525,-0.008603565394878387,-0.005652171093970537,-0.002700776793062687,0.00025061750784516335,0.0032020118087530136,0.006153406109660864,0.009104800410568714,0.012056194245815277,0.015007589012384415,0.017958983778953552,0.02091037854552269,0.023861771449446678,0.026813166216015816,0.029764560982584953,0.03271595388650894,0.03566734865307808,0.03861874341964722],"_type":"histogram","values":[1,1,0,1,0,1,1,2,3,3,1,2,3,6,5,8,6,8,9,5,8,4,9,9,5,8,5,3,3,3,4,1]},"gradients/fc_layers.1.bias":{"_type":"histogram","values":[2,0,1,2,0,0,3,7,4,3,6,6,8,17,17,14,6,12,6,2,0,3,2,3,1,0,0,1,0,1,0,1],"bins":[-0.0017065866850316525,-0.0015855811070650816,-0.001464575412683189,-0.001343569834716618,-0.0012225641403347254,-0.0011015585623681545,-0.0009805529844015837,-0.0008595473482273519,-0.0007385417120531201,-0.0006175360758788884,-0.0004965304397046566,-0.00037552486173808575,-0.000254519225563854,-0.00013351360394153744,-1.25079823192209e-05,0.00010849763930309564,0.00022950326092541218,0.00035050889709964395,0.00047151450417004526,0.0005925201112404466,0.0007135257474146783,0.0008345313835889101,0.000955536961555481,0.0010765426559373736,0.0011975482339039445,0.0013185538118705153,0.001439559506252408,0.0015605650842189789,0.0016815706621855497,0.0018025763565674424,0.0019235819345340133,0.002044587628915906,0.002165593206882477]},"weights/bus_emb.weight":{"bins":[-4.78640079498291,-4.4913506507873535,-4.196300506591797,-3.9012506008148193,-3.6062004566192627,-3.311150312423706,-3.0161004066467285,-2.721050262451172,-2.4260001182556152,-2.1309499740600586,-1.8358999490737915,-1.5408499240875244,-1.2457997798919678,-0.9507496953010559,-0.655699610710144,-0.3606495261192322,-0.06559944152832031,0.22945064306259155,0.5245007276535034,0.8195508122444153,1.1146008968353271,1.4096510410308838,1.7047010660171509,1.999751091003418,2.2948012351989746,2.5898513793945312,2.884901523590088,3.1799514293670654,3.475001573562622,3.7700517177581787,4.065101623535156,4.360151767730713,4.6552019119262695],"_type":"histogram","values":[4,10,65,146,438,1234,3013,6409,13134,24767,42390,66414,95524,126553,152765,170091,173702,162221,139456,110060,78493,52465,31950,17574,9166,4219,1845,710,290,91,19,12]},"weights/fc_layers.4.weight":{"bins":[-0.08899404853582382,-0.08360316604375839,-0.07821228355169296,-0.07282139360904694,-0.0674305111169815,-0.06203962862491608,-0.05664874240756035,-0.05125785991549492,-0.04586697369813919,-0.04047609120607376,-0.03508520871400833,-0.029694322496652603,-0.024303440004587173,-0.018912555649876595,-0.013521671295166016,-0.008130786940455437,-0.002739902585744858,0.0026509815361350775,0.0080418661236763,0.013432749547064304,0.018823634833097458,0.024214517325162888,0.029605401679873466,0.034996286034584045,0.040387168526649475,0.0457780547440052,0.05116893723607063,0.05655982345342636,0.06195070594549179,0.06734158843755722,0.07273247838020325,0.07812336087226868,0.0835142433643341],"_type":"histogram","values":[4,3,3,3,1,4,4,3,9,3,7,5,4,3,1,3,2,8,4,2,6,3,5,4,3,7,3,7,5,3,2,4]},"_step":135,"_timestamp":1.726889737494923e+09,"gradients/fc_layers.1.weight":{"values":[1,0,0,0,0,1,2,5,5,6,11,24,19,9,7,11,6,4,2,5,3,1,1,1,1,0,0,0,0,1,0,2],"bins":[-0.0024903304874897003,-0.0022734245285391808,-0.0020565183367580175,-0.0018396122613921762,-0.0016227061860263348,-0.0014058001106604934,-0.001188894035294652,-0.0009719879599288106,-0.0007550818845629692,-0.0005381758091971278,-0.00032126973383128643,-0.00010436365846544504,0.00011254241690039635,0.00032944849226623774,0.0005463545676320791,0.0007632606429979205,0.000980166718363762,0.0011970727937296033,0.0014139788690954447,0.001630884944461286,0.0018477910198271275,0.002064696978777647,0.0022816031705588102,0.0024985093623399734,0.002715415321290493,0.0029323212802410126,0.003149227472022176,0.003366133663803339,0.0035830396227538586,0.003799945581704378,0.004016852006316185,0.0042337579652667046,0.004450663924217224],"_type":"histogram"},"weights/fc_layers.1.bias":{"values":[1,0,3,0,2,2,5,6,9,2,8,6,9,6,2,5,12,5,5,4,4,2,4,5,4,5,2,4,2,1,2,1],"bins":[-0.011704089120030403,-0.011064529418945312,-0.010424970649182796,-0.009785410948097706,-0.00914585217833519,-0.0085062924772501,-0.007866732776165009,-0.0072271740064024925,-0.006587614305317402,-0.0059480550698935986,-0.005308495834469795,-0.004668936599045992,-0.004029377363622189,-0.0033898178953677416,-0.0027502586599439383,-0.0021106991916894913,-0.001471139956265688,-0.0008315806044265628,-0.00019202131079509854,0.00044753801194019616,0.0010870973346754909,0.001726656686514616,0.0023662159219384193,0.0030057753901928663,0.0036453346256166697,0.004284894093871117,0.00492445332929492,0.005564012564718723,0.006203571800142527,0.00684313103556633,0.007482690736651421,0.008122249506413937,0.008761809207499027],"_type":"histogram"},