{"_wandb":{"runtime":133},"loss_val":1.2100057114254346,"_timestamp":1.726815192156161e+09,"iteration":6,"gradient_norms":0.20111020168771748,"_runtime":127.003454,"_step":183,"epoch":1,"loss_train":1.2641685009002686}