{"_wandb":{"runtime":84},"iteration":173,"loss_train":1.3426648378372192,"gradient_norms":1.1924172872943615,"_timestamp":1.726813550815273e+09,"_runtime":64.306687,"_step":173,"epoch":0}