{"_step":765,"iteration":43,"_wandb":{"runtime":933},"_runtime":933.21463525,"loss_train":1.1659742593765259,"_timestamp":1.726879951577236e+09,"epoch":16,"loss_val":1.3301080862681072,"training_duration":932.7443170547485,"gradient_norms":0.2854749137185427}