{"loss_train":1.3408050537109375,"gradient_norms":0.6301259416184427,"_timestamp":1.7268140110198e+09,"_runtime":68.381110666,"_wandb":{"runtime":68},"_step":179,"epoch":0,"iteration":179}