{"epoch":0,"iteration":64,"_wandb":{"runtime":26},"loss_train":1.1141316890716553,"gradient_norms":3.2819407435282884,"_timestamp":1.726812871427546e+09,"_runtime":25.6705275,"_step":64}