{"epoch":0,"iteration":48,"loss_train":1.290605068206787,"gradient_norms":0.10949299870713336,"_timestamp":1.7268162628007429e+09,"_runtime":58.503138,"_wandb":{"runtime":70},"_step":48}