{"_wandb":{"runtime":109},"epoch":1,"iteration":15,"_runtime":108.39344475,"loss_train":1.2539345026016235,"loss_val":1.2192426269704646,"_timestamp":1.726816187100703e+09,"gradient_norms":0.10055735230078396,"_step":104}