{"iteration":97,"_wandb":{"runtime":59},"loss_train":1.3592110872268677,"gradient_norms":1.6548356737119285,"_timestamp":1.726813195342636e+09,"_runtime":37.117743,"_step":97,"epoch":0}