{"loss_train":1.3139839172363281,"gradient_norms":0.860117441742722,"_timestamp":1.7268136742351942e+09,"_runtime":99.490814333,"_wandb":{"runtime":99},"_step":266,"epoch":0,"iteration":266}