{"gradient_norms":1.1605959811282454,"_timestamp":1.7268137511633558e+09,"_runtime":62.584256,"_step":167,"epoch":0,"_wandb":{"runtime":248},"iteration":167,"loss_train":1.2666904926300049}