{"_step":76,"_wandb":{"runtime":28},"epoch":0,"iteration":76,"loss_train":1.3105254173278809,"gradient_norms":0.9412410509010785,"_timestamp":1.726813318063175e+09,"_runtime":28.312154125}