{"loss_train":1.3263258934020996,"gradient_norms":2.3060099162650882,"_timestamp":1.7268131317616231e+09,"_runtime":49.170767208,"_step":128,"_wandb":{"runtime":49},"epoch":0,"iteration":128}