{"_wandb":{"runtime":9},"_runtime":9.153577123,"_step":9,"epoch":0,"iteration":9,"loss_train":1.3836640119552612,"gradient_norms":0.7267514625503619,"_timestamp":1.726815973576223e+09}