{"gradient_norms":0.2557397830851542,"_wandb":{"runtime":46},"_timestamp":1.726814207064312e+09,"_runtime":34.49218,"_step":70,"epoch":0,"iteration":70,"loss_train":1.2452024221420288}