{"_wandb":{"runtime":489},"_runtime":470.343463,"_step":146,"epoch":0,"iteration":146,"loss_train":1.1584850549697876,"gradient_norms":3.0782164411814392,"_timestamp":1.726812821778466e+09}