{"_runtime":147.737495958,"gradient_norms":0.1710114368029986,"_timestamp":1.726815051244513e+09,"_step":244,"_wandb":{"runtime":147},"iteration":8,"epoch":1,"loss_train":1.2713286876678467,"loss_val":1.2120524207750956}