{"epoch":19,"_step":900,"loss_val":1.2091873089472454,"iteration":43,"parameters/graph_31fc_layers.4.weight":{"values":[3,1,2,2,3,1,3,1,2,3,5,1,2,2,2,3,1,6,3,4,2,2,1,1,1,0,3,0,2,1,0,0,1,1,1,2,4,3,3,0,2,5,4,4,3,4,1,3,4,2,2,2,0,4,3,3,1,1,0,0,0,0,1,1],"bins":[-0.12190382927656174,-0.11783028393983841,-0.11375674605369568,-0.10968320071697235,-0.10560965538024902,-0.10153611749410629,-0.09746257215738297,-0.09338903427124023,-0.0893154889345169,-0.08524194359779358,-0.08116840571165085,-0.07709486037492752,-0.07302132248878479,-0.06894777715206146,-0.06487423181533813,-0.060800690203905106,-0.056727148592472076,-0.05265360698103905,-0.04858006536960602,-0.04450652003288269,-0.04043297842144966,-0.03635943681001663,-0.032285891473293304,-0.028212349861860275,-0.024138808250427246,-0.020065266638994217,-0.01599172316491604,-0.011918180622160435,-0.007844638079404831,-0.003771095536649227,0.00030244700610637665,0.0043759895488619804,0.008449539542198181,0.012523082084953785,0.01659662462770939,0.020670168101787567,0.024743709713220596,0.028817251324653625,0.03289079666137695,0.03696433827280998,0.04103787988424301,0.04511142149567604,0.04918496310710907,0.0532585084438324,0.05733205005526543,0.061405591666698456,0.06547913700342178,0.06955267488956451,0.07362622022628784,0.07769976556301117,0.0817733034491539,0.08584684878587723,0.08992038667201996,0.09399393200874329,0.09806747734546661,0.10214101523160934,0.10621456056833267,0.110288105905056,0.11436164379119873,0.11843518912792206,0.12250873446464539,0.1265822798013687,0.13065581023693085,0.13472935557365417,0.1388029009103775],"_type":"histogram"},"parameters/graph_31numerical_layer.0.bias":{"_type":"histogram","values":[1,1,0,1,0,0,0,0,0,0,0,0,0,0,0,0,0,0,1,0,0,0,0,0,0,0,0,0,1,0,0,0,1,0,0,0,0,0,0,0,0,1,0,0,0,0,0,0,0,0,0,0,1,0,0,0,0,0,0,0,0,1,0,1],"bins":[-0.22650985419750214,-0.2172936052083969,-0.20807737112045288,-0.19886112213134766,-0.18964487314224243,-0.1804286390542984,-0.17121239006519318,-0.16199615597724915,-0.15277990698814392,-0.1435636579990387,-0.13434742391109467,-0.12513117492198944,-0.11591493338346481,-0.10669869184494019,-0.09748244285583496,-0.08826620131731033,-0.0790499597787857,-0.06983371824026108,-0.06061747297644615,-0.051401227712631226,-0.0421849861741066,-0.03296874463558197,-0.023752499371767044,-0.014536255970597267,-0.00532001256942749,0.0038962308317422867,0.013112474232912064,0.02232871763408184,0.03154496103525162,0.040761202573776245,0.04997744783759117,0.0591936931014061,0.06840991973876953,0.07762616127729416,0.08684240281581879,0.09605865180492401,0.10527489334344864,0.11449113488197327,0.12370738387107849,0.13292361795902252,0.14213986694812775,0.15135611593723297,0.160572350025177,0.16978859901428223,0.17900484800338745,0.18822108209133148,0.1974373310804367,0.20665356516838074,0.21586981415748596,0.2250860631465912,0.23430229723453522,0.24351854622364044,0.2527347803115845,0.2619510293006897,0.2711672782897949,0.28038352727890015,0.28959977626800537,0.2988159954547882,0.30803224444389343,0.31724849343299866,0.3264647424221039,0.3356809914112091,0.34489721059799194,0.35411345958709717,0.3633297085762024]},"loss_train":1.210658311843872,"parameters/graph_31fc_layers.1.bias":{"bins":[-0.11497186124324799,-0.11174455285072327,-0.10851724445819855,-0.10528994351625443,-0.1020626351237297,-0.09883532673120499,-0.09560801833868027,-0.09238070994615555,-0.08915340900421143,-0.0859261006116867,-0.08269879221916199,-0.07947148382663727,-0.07624417543411255,-0.07301686704158783,-0.06978956609964371,-0.06656225770711899,-0.06333494931459427,-0.06010764092206955,-0.05688033625483513,-0.05365302786231041,-0.05042572319507599,-0.04719841480255127,-0.04397110641002655,-0.04074380174279213,-0.03751649335026741,-0.03428918495774269,-0.03106188029050827,-0.02783457189798355,-0.02460726536810398,-0.02137995883822441,-0.018152650445699692,-0.014925343915820122,-0.011698037385940552,-0.008470730856060982,-0.005243423394858837,-0.00201611639931798,0.0012111905962228775,0.004438497591763735,0.007665804587304592,0.010893112048506737,0.014120418578386307,0.017347725108265877,0.020575031638145447,0.023802340030670166,0.027029646560549736,0.030256953090429306,0.033484261482954025,0.036711566150188446,0.039938874542713165,0.043166182935237885,0.046393487602472305,0.049620795994997025,0.052848100662231445,0.056075409054756165,0.059302717447280884,0.0625300258398056,0.06575733423233032,0.06898463517427444,0.07221194356679916,0.07543925195932388,0.0786665603518486,0.08189386874437332,0.08512116968631744,0.08834847807884216,0.09157578647136688],"_type":"histogram","values":[2,0,0,0,0,0,0,0,0,0,0,0,0,0,1,0,0,1,0,1,0,0,0,2,3,3,5,6,6,4,5,15,10,10,6,5,5,8,6,6,4,4,2,2,1,1,2,0,0,1,0,0,0,0,0,0,0,0,0,0,0,0,0,1]},"parameters/graph_31bus_emb.weight":{"_type":"histogram","values":[1,1,2,0,2,3,12,32,57,103,165,271,508,811,1289,2073,3196,4809,6842,9667,13444,18108,24328,30747,38271,47113,55573,64708,73261,80664,86562,91172,93823,93127,90959,86763,80228,71990,63750,54657,45649,37851,29626,23296,17811,13044,9529,6621,4495,3085,2022,1245,779,469,271,152,100,43,28,10,4,1,6,1],"bins":[-5.1701178550720215,-5.0132317543029785,-4.8563456535339355,-4.699459075927734,-4.542572975158691,-4.385686874389648,-4.2288007736206055,-4.0719146728515625,-3.9150283336639404,-3.7581422328948975,-3.6012558937072754,-3.4443697929382324,-3.2874836921691895,-3.1305973529815674,-2.9737112522125244,-2.8168249130249023,-2.6599388122558594,-2.5030527114868164,-2.3461663722991943,-2.1892802715301514,-2.0323939323425293,-1.8755078315734863,-1.7186217308044434,-1.5617355108261108,-1.4048492908477783,-1.2479630708694458,-1.0910768508911133,-0.9341907501220703,-0.7773045301437378,-0.6204183101654053,-0.46353214979171753,-0.3066459596157074,-0.14975929260253906,0.007126897573471069,0.1640130877494812,0.32089927792549133,0.47778546810150146,0.634671688079834,0.7915578484535217,0.9484440088272095,1.105330228805542,1.2622164487838745,1.419102668762207,1.57598876953125,1.7328749895095825,1.889761209487915,2.046647310256958,2.20353364944458,2.360419750213623,2.517305850982666,2.674192190170288,2.831078290939331,2.987964630126953,3.144850730895996,3.301736831665039,3.458623170852661,3.615509271621704,3.772395372390747,3.929281711578369,4.086167812347412,4.243053913116455,4.399940013885498,4.556826591491699,4.713712692260742,4.870598793029785]},"training_duration":1524.9735870361328,"parameters/graph_31numerical_layer.2.weight":{"bins":[0.8946055173873901,0.8967884182929993,0.8989713788032532,0.9011542797088623,0.9033372402191162,0.9055201411247253,0.9077031016349792,0.9098860025405884,0.9120689630508423,0.9142518639564514,0.9164347648620605,0.9186177253723145,0.9208006262779236,0.9229835867881775,0.9251664876937866,0.9273494482040405,0.9295323491096497,0.9317152500152588,0.9338982105255127,0.9360811114311218,0.9382640719413757,0.9404469728469849,0.9426299333572388,0.9448128342628479,0.946995735168457,0.9491786956787109,0.9513615965843201,0.953544557094574,0.9557274580001831,0.957910418510437,0.9600933194160461,0.9622762799263,0.9644591808319092,0.9666420817375183,0.9688250422477722,0.9710079431533813,0.9731909036636353,0.9753738045692444,0.9775567650794983,0.9797396659851074,0.9819226264953613,0.9841055274009705,0.9862884283065796,0.9884713888168335,0.9906542897224426,0.9928372502326965,0.9950201511383057,0.9972031116485596,0.9993860125541687,1.0015689134597778,1.0037518739700317,1.0059348344802856,1.00811767578125,1.010300636291504,1.0124835968017578,1.0146665573120117,1.016849398612976,1.01903235912323,1.0212153196334839,1.0233981609344482,1.0255811214447021,1.027764081954956,1.02994704246521,1.0321298837661743,1.0343128442764282],"_type":"histogram","values":[1,0,0,0,0,0,0,0,0,0,0,0,0,0,0,0,0,0,0,0,0,0,0,0,0,0,0,0,0,0,0,0,0,0,0,1,0,0,1,0,1,0,0,1,0,1,1,0,0,0,0,0,0,0,0,0,1,0,0,0,0,0,0,2]},"parameters/graph_31fc_layers.0.bias":{"_type":"histogram",