{"epoch":19,"parameters/graph_33fc_layers.1.weight":{"bins":[0.9582089781761169,0.9604431390762329,0.9626772403717041,0.9649114012718201,0.967145562171936,0.9693796634674072,0.9716138243675232,0.9738479852676392,0.9760820865631104,0.9783162474632263,0.9805504083633423,0.9827845096588135,0.9850186705589294,0.9872528314590454,0.9894869327545166,0.9917210936546326,0.9939552545547485,0.9961893558502197,0.9984235167503357,1.0006576776504517,1.0028917789459229,1.0051259994506836,1.0073601007461548,1.009594202041626,1.0118284225463867,1.014062523841858,1.016296625137329,1.0185308456420898,1.020764946937561,1.0229990482330322,1.025233268737793,1.0274673700332642,1.0297014713287354,1.031935691833496,1.0341697931289673,1.0364038944244385,1.0386381149291992,1.0408722162246704,1.0431063175201416,1.0453405380249023,1.0475746393203735,1.0498087406158447,1.0520429611206055,1.0542770624160767,1.0565111637115479,1.0587453842163086,1.0609794855117798,1.063213586807251,1.0654478073120117,1.067681908607483,1.069916009902954,1.0721502304077148,1.074384331703186,1.0766184329986572,1.078852653503418,1.0810867547988892,1.0833208560943604,1.085555076599121,1.0877891778945923,1.0900232791900635,1.0922574996948242,1.0944916009902954,1.0967257022857666,1.0989599227905273,1.1011940240859985],"_type":"histogram","values":[1,1,3,4,2,6,7,3,5,10,9,11,6,3,5,7,7,7,2,2,5,1,1,2,1,0,4,0,2,0,0,2,0,1,0,0,0,1,1,0,1,0,0,0,0,0,0,0,1,0,2,0,0,0,0,0,0,0,0,1,0,0,0,1]},"_wandb":{"runtime":630},"parameters/graph_33numerical_layer.2.bias":{"values":[1,0,0,0,0,0,0,1,0,0,0,0,0,1,1,0,1,0,1,0,0,0,0,0,0,0,1,0,1,0,0,0,0,0,0,0,0,0,0,0,1,0,0,0,0,0,0,0,0,0,0,0,0,0,0,0,0,0,0,0,0,0,0,1],"bins":[-0.005082236602902412,-0.004846032243221998,-0.004609827883541584,-0.004373623989522457,-0.004137419629842043,-0.0039012152701616287,-0.003665011143311858,-0.0034288070164620876,-0.0031926026567816734,-0.0029563982971012592,-0.0027201941702514887,-0.002483990043401718,-0.002247785683721304,-0.0020115813240408897,-0.0017753771971911192,-0.0015391729539260268,-0.0013029687106609344,-0.001066764467395842,-0.0008305602241307497,-0.0005943559808656573,-0.00035815173760056496,-0.00012194749433547258,0.00011425674892961979,0.00035046099219471216,0.0005866652354598045,0.0008228694787248969,0.0010590737219899893,0.0012952779652550817,0.001531482208520174,0.0017676864517852664,0.0020038906950503588,0.0022400948219001293,0.0024762991815805435,0.0027125035412609577,0.0029487076681107283,0.003184911794960499,0.003421116154640913,0.003657320514321327,0.0038935246411710978,0.004129728768020868,0.0043659331277012825,0.004602137487381697,0.004838341847062111,0.005074545741081238,0.005310750100761652,0.005546954460442066,0.005783158354461193,0.006019362714141607,0.0062555670738220215,0.006491771433502436,0.00672797579318285,0.006964179687201977,0.007200384046882391,0.007436588406562805,0.007672792300581932,0.007908997125923634,0.00814520101994276,0.008381404913961887,0.008617609739303589,0.008853813633322716,0.009090017527341843,0.009326222352683544,0.009562426246702671,0.009798631072044373,0.0100348349660635],"_type":"histogram"},"parameters/graph_33numerical_layer.0.weight":{"_type":"histogram","values":[1,1,1,1,0,0,0,1,0,2,1,0,1,1,2,0,1,1,1,0,0,0,0,0,3,1,0,1,1,3,0,0,0,1,1,0,1,1,2,0,0,1,1,0,0,0,4,0,2,0,0,1,0,0,0,3,3,2,1,0,1,0,0,1],"bins":[-0.4369249939918518,-0.4229336977005005,-0.40894243121147156,-0.39495113492012024,-0.3809598684310913,-0.36696857213974,-0.35297730565071106,-0.33898600935935974,-0.3249947428703308,-0.3110034465789795,-0.2970121502876282,-0.28302088379859924,-0.2690295875072479,-0.255038321018219,-0.24104702472686768,-0.22705574333667755,-0.21306446194648743,-0.1990731805562973,-0.18508189916610718,-0.17109061777591705,-0.15709933638572693,-0.1431080400943756,-0.12911675870418549,-0.11512547731399536,-0.10113419592380524,-0.08714291453361511,-0.07315163314342499,-0.059160344302654266,-0.04516906291246414,-0.031177779659628868,-0.017186496406793594,-0.0031952131539583206,0.01079609990119934,0.024787383154034615,0.03877866640686989,0.05276995152235031,0.06676123291254044,0.08075251430273056,0.09474380314350128,0.1087350845336914,0.12272636592388153,0.13671764731407166,0.15070892870426178,0.1647002100944519,0.17869150638580322,0.19268278777599335,0.20667406916618347,0.2206653505563736,0.23465663194656372,0.24864791333675385,0.26263919472694397,0.2766304910182953,0.2906217575073242,0.30461305379867554,0.31860432028770447,0.3325956165790558,0.3465868830680847,0.36057817935943604,0.37456947565078735,0.3885607421398163,0.4025520384311676,0.41654330492019653,0.43053460121154785,0.4445258677005768,0.4585171639919281]},"parameters/graph_33numerical_layer.2.weight":{"_type":"histogram","values":[1,0,0,0,0,0,0,0,0,0,0,0,0,0,0,0,0,0,0,1,1,0,0,0,2,0,0,0,1,0,0,0,0,0,0,0,0,0,0,1,0,0,0,0,0,1,0,0,0,0,0,0,0,0,0,0,0,0,0,0,0,1,0,1],"bins":[0.9063348174095154,0.9089785218238831,0.9116222858428955,0.9142659902572632,0.9169096946716309,0.9195534586906433,0.922197163105011,0.9248409271240234,0.9274846315383911,0.9301283359527588,0.9327720999717712,0.9354158043861389,0.9380595088005066,0.940703272819519,0.9433469772338867,0.9459906816482544,0.9486344456672668,0.9512781500816345,0.9539218544960022,0.9565656185150146,0.9592093229293823,0.9618530869483948,0.9644967913627625,0.9671404957771301,0.9697842597961426,0.9724279642105103,0.9750716686248779,0.9777154326438904,0.9803591370582581,0.9830028414726257,0.9856466054916382,0.9882903099060059,0.9909340143203735,0.993577778339386,0.9962214827537537,0.9988652467727661,1.0015089511871338,1.0041526556015015,1.0067963600158691,1.0094401836395264,1.012083888053894,1.0147275924682617,1.0173712968826294,1.020015001296997,1.0226587057113647,1.025302529335022,1.0279462337493896,1.0305899381637573,1.033233642578125,1.0358773469924927,1.0385210514068604,1.0411648750305176,1.0438085794448853,1.046452283859253,1.0490959882736206,1.0517396926879883,1.0543835163116455,1.0570272207260132,1.0596709251403809,1.0623146295547485,1.0649583339691162,1.0676020383834839,1.0702458620071411,1.0728895664215088,1.0755332708358765]},"_step":900,"gradient_norms":0.19070051944670718,"loss_train":1.2436779737472534,"_runtime":630.589945,"loss_val":1.202359100182851,"_timestamp":1.726869461151072e+09,"parameters/graph_33fc_layers.0.weight":{"bins":[-0.4162862002849579,-0.40367773175239563,-0.391069233417511,-0.37846076488494873,-0.3658522665500641,-0.35324379801750183,-0.3406352996826172,-0.32802683115005493,-0.3154183626174927,-0.30280986428260803,-0.2902013957500458,-0.27759289741516113,-0.2649844288825989,-0.25237593054771423,-0.23976746201515198,-0.22715897858142853,-0.21455049514770508,-0.20194201171398163,-0.18933352828025818,-0.17672504484653473,-0.16411656141281128,-0.15150809288024902,-0.13889960944652557,-0.12629112601280212,-0.11368264257907867,-0.10107415914535522,-0.08846567571163177,-0.07585719972848892,-0.06324871629476547,-0.05064023286104202,-0.03803175315260887,-0.02542327158153057,-0.012814760208129883,-0.00020627863705158234,0.012402202934026718,0.02501068450510502,0.03761916607618332,0.05022764950990677,0.06283612549304962,0.07544460892677307,0.08805309236049652,0.10066157579421997,0.11327005922794342,0.12587854266166687,0.13848701119422913,0.15109549462795258,0.16370397806167603,0.17631246149539948,0.18892094492912292,0.20152942836284637,0.21413791179656982,0.22674639523029327,0.23935487866401672,0.251963347196579,0.2645718455314636,0.2771803140640259,0.28978878259658813,0.3023972809314728,0.31500574946403503,0.3276142477989197,0.34022271633148193,0.3528312146663666,0.36543968319892883,0.3780481815338135,0.39065665006637573],"_type":"histogram","values":[2,1,2,2,2,6,6,13,13,12,16,29,14,29,22,24,23,31,21,26,28,30,24,20,15,35,28,30,31,28,32,33,25,28,25,24,33,34,27,17,23,27,31,23,26,26,21,17,37,22,29,22,27,13,29,18,12,10,6,11,2,3,0,4]},