{"gradient_norms":0.2873006038591594,"_timestamp":1.72681605706928e+09,"_runtime":71.830983,"_step":83,"_wandb":{"runtime":82},"epoch":0,"iteration":83,"loss_train":1.2537078857421875}